{"cameraMode":{"drawMode":0,"name":"Shaded","section":"Shading Mode"},"sceneLighting":false,"audioPlay":false,"sceneViewState":{"showFog":true,"showMaterialUpdate":false,"showSkybox":false,"showFlares":true,"showImageEffects":true,"showParticleSystems":true},"in2DMode":false,"pivot":{"x":4.229952812194824,"y":4.512852191925049,"z":1.454835057258606},"rotation":{"x":-0.07555393874645233,"y":-0.31820112466812136,"z":0.02544969692826271,"w":-0.9446666240692139},"size":2.109696626663208,"orthographic":false}